<?xml version="1.0" encoding="UTF-8"?>
<project-private xmlns="http://www.netbeans.org/ns/project-private/1">
    <editor-bookmarks xmlns="http://www.netbeans.org/ns/editor-bookmarks/2" lastBookmarkId="0"/>
    <open-files xmlns="http://www.netbeans.org/ns/projectui-open-files/2">
        <group>
            <file>file:/Users/varunkumar/Desktop/Varun_AEDAssign2_002771801/Varun_002771801_2/src/UI/PatientAfterLogin.java</file>
            <file>file:/Users/varunkumar/Desktop/Varun_AEDAssign2_002771801/Varun_002771801_2/src/Model/PatientDetails.java</file>
            <file>file:/Users/varunkumar/Desktop/Varun_AEDAssign2_002771801/Varun_002771801_2/src/Model/HospitalEntry.java</file>
            <file>file:/Users/varunkumar/Desktop/Varun_AEDAssign2_002771801/Varun_002771801_2/src/UI/PatientInitialPage.java</file>
            <file>file:/Users/varunkumar/Desktop/Varun_AEDAssign2_002771801/Varun_002771801_2/src/UI/PatientCreate.java</file>
            <file>file:/Users/varunkumar/Desktop/Varun_AEDAssign2_002771801/Varun_002771801_2/src/UI/MainJFrame.java</file>
            <file>file:/Users/varunkumar/Desktop/Varun_AEDAssign2_002771801/Varun_002771801_2/src/UI/AppointmentBooking.java</file>
            <file>file:/Users/varunkumar/Desktop/Varun_AEDAssign2_002771801/Varun_002771801_2/src/UI/DoctorLoginPage.java</file>
            <file>file:/Users/varunkumar/Desktop/Varun_AEDAssign2_002771801/Varun_002771801_2/src/UI/CreateHospitalAdmin.java</file>
            <file>file:/Users/varunkumar/Desktop/Varun_AEDAssign2_002771801/Varun_002771801_2/src/UI/AddDoctor.java</file>
            <file>file:/Users/varunkumar/Desktop/Varun_AEDAssign2_002771801/Varun_002771801_2/src/Model/VitalSignsHistory.java</file>
            <file>file:/Users/varunkumar/Desktop/Varun_AEDAssign2_002771801/Varun_002771801_2/src/UI/PatientPDView.java</file>
            <file>file:/Users/varunkumar/Desktop/Varun_AEDAssign2_002771801/Varun_002771801_2/src/UI/CreateCommunityAdmin.java</file>
            <file>file:/Users/varunkumar/Desktop/Varun_AEDAssign2_002771801/Varun_002771801_2/src/UI/CreateVitals.java</file>
            <file>file:/Users/varunkumar/Desktop/Varun_AEDAssign2_002771801/Varun_002771801_2/src/UI/DeletePanel.java</file>
            <file>file:/Users/varunkumar/Desktop/Varun_AEDAssign2_002771801/Varun_002771801_2/src/Model/VitalSigns.java</file>
            <file>file:/Users/varunkumar/Desktop/Varun_AEDAssign2_002771801/Varun_002771801_2/src/UI/CreateDoctor.java</file>
            <file>file:/Users/varunkumar/Desktop/Varun_AEDAssign2_002771801/Varun_002771801_2/src/UI/DoctorViewVitals.java</file>
            <file>file:/Users/varunkumar/Desktop/Varun_AEDAssign2_002771801/Varun_002771801_2/src/Model/LoginDetails.java</file>
            <file>file:/Users/varunkumar/Desktop/Varun_AEDAssign2_002771801/Varun_002771801_2/src/UI/SystemAdminLoginPage.java</file>
            <file>file:/Users/varunkumar/Desktop/Varun_AEDAssign2_002771801/Varun_002771801_2/src/UI/HospitalAdminLoginPage.java</file>
            <file>file:/Users/varunkumar/Desktop/Varun_AEDAssign2_002771801/Varun_002771801_2/src/UI/CommunityAdminLoginPage.java</file>
            <file>file:/Users/varunkumar/Desktop/Varun_AEDAssign2_002771801/Varun_002771801_2/src/UI/ViewVitals.java</file>
        </group>
    </open-files>
</project-private>
